image_id,n_objects,mean_area,density_class,quality_flag,shape_regularity,mean_eccentricity,mean_solidity,foreground_fraction,llm_status,narrative
test_000.png,8,191.125,moderate,acceptable,irregular,0.6366268095307752,0.9660062468176291,0.0233306884765625,success,"The image contains 8 objects with a moderate density, irregular shapes, and an acceptable quality. The objects are relatively small and have a high solidity, suggesting compact shapes. The foreground fraction is very low, indicating that the objects are not prominent in the image."
test_001.png,14,200.35714285714286,moderate,acceptable,regular,0.6345545717091384,0.9451868788691804,0.0428009033203125,success,"The image contains 14 objects with a moderate density, regular shape, and an acceptable quality. The objects have a mean eccentricity of 0.6346, suggesting some elongation, and a mean solidity of 0.9452, indicating a relatively compact shape. The foreground fraction of 0.042801 suggests a small proportion of the image is occupied by the objects."
test_002.png,25,226.84,moderate,acceptable,regular,0.6718959294177458,0.945638149478199,0.0865325927734375,success,"The image contains 25 objects with a moderate density, regular shape, and an acceptable quality. The objects have a mean eccentricity of 0.6719, indicating some irregularity, and a mean solidity of 0.9456, suggesting they are mostly compact. The mean intensity is low, and the foreground fraction is small, indicating the objects are faint and not prominent in the image."
test_003.png,19,203.47368421052633,moderate,acceptable,regular,0.6980721036147067,0.9588936823763456,0.058990478515625,success,"The image contains 19 objects with a moderate density, regular shape, and acceptable quality. The mean eccentricity and solidity suggest some elongation and compactness, respectively. The foreground fraction indicates a small proportion of the image's area is foreground."
test_004.png,43,329.48837209302326,moderate,acceptable,regular,0.6586007538154596,0.9299502957172258,0.2161865234375,success,"The image contains 43 objects with a moderate density, regular shape, and an acceptable quality. The objects have a mean eccentricity of 0.6586, indicating some irregularity in shape, and a mean solidity of 0.9300, suggesting they are mostly compact. The mean intensity and foreground fraction suggest the objects are relatively faint and not strongly foregrounded."
test_005.png,16,407.875,moderate,acceptable,regular,0.6380621566057634,0.930293971485936,0.099578857421875,success,"The image contains 16 objects with a moderate density, regular shape, and an acceptable quality. The objects have a mean eccentricity of 0.6381, indicating some elongation, and a mean solidity of 0.9303, suggesting they are mostly compact. The foreground fraction of 0.099579 indicates a small portion of the image is occupied by the objects."
test_006.png,8,197.375,moderate,acceptable,regular,0.6211859861110686,0.9605259530324317,0.0240936279296875,success,"The image contains 8 objects with a moderate density, regular shape, and acceptable quality. The objects have a mean eccentricity of 0.6212, indicating some irregularity in shape, and a mean solidity of 0.9605, suggesting they are mostly filled. The mean intensity is low, and the foreground fraction is very small, indicating the objects are faint and likely small in the image."
test_007.png,23,206.30434782608697,moderate,acceptable,regular,0.6499648634503782,0.9409305033276787,0.0724029541015625,success,"The image contains 23 objects with a moderate density, regular shape, and acceptable quality. The objects have a mean eccentricity of 0.65, suggesting some elongation, and a mean solidity of 0.94, indicating compact shapes. The foreground fraction of 0.072403 suggests a small proportion of the image is occupied by the objects."
test_008.png,23,240.6086956521739,moderate,acceptable,regular,0.5981132781016452,0.9460980851283533,0.084442138671875,success,"The image contains 23 objects with a moderate density, regular shape, and acceptable quality. The objects have a mean eccentricity of 0.5981, suggesting some elongation, and a mean solidity of 0.9461, indicating compact shapes. The foreground fraction is low at 0.084442, suggesting the objects are small relative to the image area."
test_009.png,21,178.61904761904762,moderate,acceptable,irregular,0.6178011542049406,0.9568906071591295,0.0572357177734375,success,"The image contains 21 objects with a moderate density, exhibiting irregular shapes and an acceptable quality. The mean eccentricity and solidity suggest varied object shapes, while the low foreground fraction indicates a sparse distribution of objects."
test_010.png,37,353.35135135135135,moderate,acceptable,irregular,0.7387951434875564,0.9126803155760304,0.199493408203125,success,"The image contains 37 objects with a moderate density, irregular shapes, and an acceptable quality. The objects have a mean eccentricity of 0.7388, indicating some elongation, and a mean solidity of 0.9127, suggesting they are mostly compact. The foreground fraction of 0.199493 indicates a relatively small portion of the image is occupied by the objects."
test_011.png,20,183.6,moderate,acceptable,regular,0.6429131420041008,0.9573324320847169,0.0560302734375,success,"The image contains 20 objects with a moderate density, regular shape, and an acceptable quality. The objects have a mean eccentricity of 0.6429, indicating some irregularity, and a mean solidity of 0.9573, suggesting they are mostly compact. The foreground fraction of 0.056030 indicates a small proportion of the image is occupied by the objects."
