image_id,n_objects,mean_area,median_area,mean_eccentricity,mean_solidity,mean_extent,mean_perimeter,mean_intensity,foreground_fraction,llm_status,llm_n_objects,density_class,shape_regularity,quality_flag,narrative
train_000.png,9,142.44444444444446,115.0,0.5038531353755188,0.9562776877152948,0.7498956592074472,42.47028215770584,0.2581000609530343,0.019561767578125,success,9,moderate,moderately_regular,limited_objects,"The numerical measurements indicate that there are 9 objects in the image, suggesting a moderate density. The mean eccentricity of 0.5038531353755188 suggests that the objects are moderately regular in shape. The mean solidity of 0.9562776877152948 is close to 1, indicating that the objects are well-segmented and have a high degree of solidity. The foreground fraction of 0.019561767578125 is very low, which might indicate that the segmentation quality is limited, as the objects are not well-defined against the background. Therefore, the quality flag is likely to be ""limited_objects"".

```json
{
  ""n_objects"": 9,
  ""density_class"": ""moderate"",
  ""shape_regularity"": ""moderately_regular"",
  ""quality_flag"": ""limited_objects""
}
```"
train_001.png,26,215.53846153846155,198.0,0.5831451135100131,0.9485522964301395,0.7358569556560719,53.2524086657409,0.24587732496169898,0.08551025390625,success,26,low,moderately_regular,acceptable,"The numerical measurements indicate a relatively low density of objects, as suggested by the low foreground fraction (0.0855). The mean area and median area are moderate, suggesting a mix of object sizes. The mean eccentricity of 0.583 suggests that the objects are moderately regular in shape, leaning towards being more circular than elongated. The mean solidity of 0.9485 indicates that the objects are mostly filled, with little empty space inside them. The mean extent and perimeter suggest that the objects are not overly elongated or irregular. The mean intensity of 0.24587732496169898 implies that the objects are relatively dark within the grayscale image. Overall, the segmentation quality appears to be acceptable, with a moderate number of objects and reasonable shape regularity.

{
  ""n_objects"": 26,
  ""density_class"": ""low"",
  ""shape_regularity"": ""moderately_regular"",
  ""quality_flag"": ""acceptable""
}"
train_002.png,15,178.33333333333334,176.0,0.6326370353655794,0.9653307244657732,0.7570361444118981,47.12447327281724,0.241853133837382,0.0408172607421875,success,15,low,moderately_regular,acceptable,"The numerical measurements suggest a relatively low density of objects, as indicated by the low foreground fraction (0.0408). The mean area and median area are similar, suggesting a moderate level of shape regularity. The mean eccentricity (0.6326) and mean solidity (0.9653) are within a reasonable range, indicating that the objects are moderately regular in shape. The mean extent (0.7570) and mean perimeter (47.12) are also within a normal range, further supporting the moderate regularity of the objects. The mean intensity (0.2418) is low, which could suggest that the objects are not strongly contrasted against the background. Overall, the segmentation appears to be of acceptable quality, with no significant irregularities or noise.

{
  ""n_objects"": 15,
  ""density_class"": ""low"",
  ""shape_regularity"": ""moderately_regular"",
  ""quality_flag"": ""acceptable""
}"
train_003.png,28,238.60714285714286,198.0,0.6467834693151103,0.9529906089763976,0.7491534866620508,55.66592451535529,0.2478341901940959,0.1019439697265625,success,28,moderate,moderately_regular,acceptable,"The image contains 28 objects, suggesting a moderate density. The mean eccentricity of 0.6467834693151103 indicates that the objects are moderately regular in shape. The mean solidity of 0.9529906089763976 suggests that the objects are well-segmented, as solidity values close to 1 indicate that the objects are fully enclosed by their boundaries. The mean intensity of 0.2478341901940959 and the foreground fraction of 0.1019439697265625 suggest that the objects are relatively small and may be sparse within the image. The mean extent of 0.7491534866620508 and the mean perimeter of 55.66592451535529 provide further information about the size and shape of the objects.

{
  ""n_objects"": 28,
  ""density_class"": ""moderate"",
  ""shape_regularity"": ""moderately_regular"",
  ""quality_flag"": ""acceptable""
}"
train_004.png,43,307.8139534883721,222.0,0.732337482194467,0.9174442147728907,0.6883011981079679,70.1017449762926,0.25952775395193767,0.20196533203125,success,43,moderate,moderately_regular,acceptable,"The numerical measurements suggest a relatively high number of objects (43) in the image, indicating a moderate to high density of objects. The mean eccentricity of 0.7323 suggests that the objects are moderately regular in shape, not perfectly circular but not overly elongated. The mean solidity of 0.917444 indicates that the objects are quite compact, with little empty space within them. The mean intensity of 0.25952775 suggests that the objects are relatively dark within the grayscale image. The foreground fraction of 0.20196533 indicates that the objects occupy a moderate portion of the image's foreground. Overall, the measurements suggest that the segmentation quality is acceptable, with a reasonable number of objects and moderate shape regularity.

{
  ""n_objects"": 43,
  ""density_class"": ""moderate"",
  ""shape_regularity"": ""moderately_regular"",
  ""quality_flag"": ""acceptable""
}"
train_005.png,15,454.3333333333333,205.0,0.6071824304080259,0.9172596738979378,0.7088514546743718,86.94518993322752,0.2368136485417684,0.1039886474609375,success,15,low,moderately_regular,acceptable,"The numerical measurements indicate a relatively low density of objects, as suggested by the low foreground fraction (0.1039886474609375). The mean area and median area are moderate, suggesting a mix of object sizes. The mean eccentricity of 0.6071824304080259 suggests that the objects are moderately regular in shape, leaning towards being more elongated rather than perfectly circular. The mean solidity of 0.9172596738979378 indicates that the objects are mostly filled, with little empty space within them. The mean extent of 0.7088514546743718 and the mean perimeter of 86.94518993322752 suggest that the objects are of moderate size and have a moderate level of detail. The mean intensity of 0.2368136485417684 indicates that the objects are relatively dark within the grayscale image. Overall, the segmentation quality appears to be acceptable, with a reasonable number of objects and moderate shape regularity.

```json
{
  ""n_objects"": 15,
  ""density_class"": ""low"",
  ""shape_regularity"": ""moderately_regular"",
  ""quality_flag"": ""acceptable""
}
```"
train_006.png,5,181.8,161.0,0.6601054426637517,0.9673722018013603,0.7756730782117778,47.99310242291875,0.2611053854227066,0.0138702392578125,success,5,moderate,moderately_regular,acceptable,"The numerical measurements indicate a moderate number of objects (5) with a relatively low foreground fraction (0.01387), suggesting that the objects are small and sparse within the image. The mean area and median area are both relatively low, pointing towards small-sized objects. The mean eccentricity of 0.6601 suggests that the objects are moderately elongated, not perfectly circular. The mean solidity of 0.96737 indicates that the objects are mostly filled, with minimal voids. The mean extent of 0.77567 suggests that the objects are not very elongated in a single direction. The mean perimeter of 47.99310242291875 and the mean intensity of 0.2611053854227066 provide information about the outline and brightness of the objects, respectively. Overall, the measurements suggest a moderate density of objects, with some irregularity in shape and acceptable segmentation quality.

```json
{
  ""n_objects"": 5,
  ""density_class"": ""moderate"",
  ""shape_regularity"": ""moderately_regular"",
  ""quality_flag"": ""acceptable""
}
```"
train_007.png,17,191.58823529411765,187.0,0.6691045973962497,0.957147955920247,0.7449889969147344,49.51048719260598,0.24065660641473882,0.0496978759765625,success,17,low,moderately_regular,acceptable,"The numerical measurements suggest a relatively low density of objects, as indicated by the low foreground fraction (0.0497). The objects have a moderate level of shape regularity, with an eccentricity of 0.6691, which is closer to 1, suggesting some degree of circularity. The mean solidity of 0.957147955920247 is close to 1, indicating that the objects are generally compact and well-segmented. The mean intensity of 0.24065660641473882 suggests that the objects are not very bright in the grayscale image. Overall, the segmentation quality appears to be acceptable, with a moderate number of objects and reasonable shape regularity.

```json
{
  ""n_objects"": 17,
  ""density_class"": ""low"",
  ""shape_regularity"": ""moderately_regular"",
  ""quality_flag"": ""acceptable""
}
```"
train_008.png,14,215.92857142857142,230.0,0.6389963070780632,0.9644559247224089,0.7490138220519598,52.441486256517386,0.21492029194320952,0.0461273193359375,success,14,low,moderately_regular,acceptable,"The numerical measurements suggest a relatively low density of objects, as indicated by the low foreground fraction (0.046). The mean area and median area are moderate, suggesting a mix of object sizes. The mean eccentricity of 0.638 indicates that the objects are moderately regular in shape, leaning towards being more elongated rather than perfectly circular. The mean solidity of 0.964 suggests that the objects are quite solid, with little empty space within them. The mean extent of 0.749 implies that the objects are moderately spread out. The mean perimeter and mean intensity values are moderate, indicating a balanced distribution of object boundaries and brightness. Overall, the segmentation quality appears to be acceptable, with no significant irregularities or noise affecting the object boundaries.

```json
{
  ""n_objects"": 14,
  ""density_class"": ""low"",
  ""shape_regularity"": ""moderately_regular"",
  ""quality_flag"": ""acceptable""
}
```"
train_009.png,20,206.05,191.0,0.6357366063749623,0.9620627174086713,0.7553725998431642,50.64873734152917,0.24982598945498466,0.0628814697265625,success,20,moderate,moderately_regular,limited_objects,"The numerical measurements suggest that there are 20 objects in the image, indicating a moderate density. The mean area and median area are relatively low, suggesting that the objects are small. The mean eccentricity of 0.6357 indicates that the objects are moderately regular in shape. The mean solidity of 0.96206 suggests that the objects are mostly filled, which is a good sign for segmentation quality. The mean extent of 0.7554 indicates a moderate extent of the objects. The mean perimeter of 50.65 suggests a moderate perimeter length. The mean intensity of 0.24982598945498466 and the foreground fraction of 0.0628814697265625 suggest that the objects are not very bright and are not occupying a significant portion of the image, which might indicate a limited objects or irregular or noisy segmentation quality.

```json
{
  ""n_objects"": 20,
  ""density_class"": ""moderate"",
  ""shape_regularity"": ""moderately_regular"",
  ""quality_flag"": ""limited_objects""
}
```"
train_010.png,33,305.24242424242425,204.0,0.6960722952730642,0.9173772246155791,0.6999726950066165,67.67864353079139,0.24630018752632718,0.1537017822265625,success,33,moderate,moderately_regular,acceptable,"The numerical measurements suggest a moderate number of objects (33) with a relatively low foreground fraction (0.1537), indicating that the objects are not densely packed. The mean eccentricity (0.696) and solidity (0.917) suggest that the objects are moderately regular in shape, with some variation in their eccentricity. The mean extent (0.6999) and perimeter (67.6786) indicate that the objects are not excessively elongated or irregular. The mean intensity (0.2463) is low, which could imply that the objects are not strongly contrasted against the background. Overall, the segmentation appears to be of acceptable quality, with a moderate number of objects and reasonable shape regularity.

```json
{
  ""n_objects"": 33,
  ""density_class"": ""moderate"",
  ""shape_regularity"": ""moderately_regular"",
  ""quality_flag"": ""acceptable""
}
```"
train_011.png,17,317.11764705882354,222.0,0.6901525935962269,0.9300995362468119,0.6882341684932519,68.90147266211926,0.25565245835220113,0.0822601318359375,success,17,low,moderately_regular,acceptable,"The numerical measurements suggest a relatively low density of objects, as indicated by the low foreground fraction (0.082). The mean area and median area are moderate, suggesting a mix of object sizes. The mean eccentricity of 0.690 indicates that the objects are moderately elongated, not perfectly circular. The mean solidity of 0.930 suggests that the objects are mostly filled, with little empty space. The mean extent of 0.688 implies that the objects are not very elongated in the direction of the image's axes. The mean perimeter of 68.901 suggests a moderate size for the objects. The mean intensity of 0.25565 indicates that the objects are relatively dark within the grayscale image. Overall, the segmentation appears to be of moderate quality, with a reasonable number of objects and some irregularities in shape and size.

{
  ""n_objects"": 17,
  ""density_class"": ""low"",
  ""shape_regularity"": ""moderately_regular"",
  ""quality_flag"": ""acceptable""
}"
